{
    "loss": 0.14820252358913422,
    "accuracy": 0.9741379022598267
}