{
    "loss": 0.15824487805366516,
    "accuracy": 0.9482758641242981
}