{
    "loss": 0.16157320141792297,
    "accuracy": 0.965517222881317
}