{
    "loss": 0.16157320141792297,
    "accuracy": 0.9655172228813171
}